{"cameraMode":{"drawMode":0,"name":"Shaded","section":"Shading Mode"},"sceneLighting":true,"audioPlay":false,"sceneViewState":{"m_AlwaysRefresh":false,"showFog":true,"showSkybox":true,"showFlares":true,"showImageEffects":true,"showParticleSystems":true,"showVisualEffectGraphs":true,"m_FxEnabled":true},"in2DMode":false,"pivot":{"x":-0.2453887015581131,"y":2.3258113861083986,"z":0.5966715216636658},"rotation":{"x":-0.16047729551792146,"y":0.8227806091308594,"z":-0.2834847569465637,"w":-0.4657524824142456},"size":0.039334364235401157,"orthographic":false}