{"cameraMode":{"drawMode":0,"name":"Shaded","section":"Shading Mode"},"sceneLighting":false,"audioPlay":false,"sceneViewState":{"m_AlwaysRefresh":false,"showFog":false,"showSkybox":false,"showFlares":false,"showImageEffects":false,"showParticleSystems":false,"showVisualEffectGraphs":true,"m_FxEnabled":true},"in2DMode":false,"pivot":{"x":-0.000005900859832763672,"y":0.8126678466796875,"z":0.017603948712348939},"rotation":{"x":-0.12681837379932404,"y":0.651461660861969,"z":-0.11170107126235962,"w":-0.7396406531333923},"size":1.2457506656646729,"orthographic":false}