{"cameraMode":{"drawMode":0,"name":"Shaded","section":"Shading Mode"},"sceneLighting":false,"audioPlay":false,"sceneViewState":{"m_AlwaysRefresh":false,"showFog":false,"showSkybox":false,"showFlares":false,"showImageEffects":false,"showParticleSystems":false,"showVisualEffectGraphs":true,"m_FxEnabled":true},"in2DMode":false,"pivot":{"x":-0.000005900859832763672,"y":0.8126678466796875,"z":0.017603948712348939},"rotation":{"x":-0.22322294116020204,"y":0.4507076144218445,"z":-0.11749846488237381,"w":-0.8563063144683838},"size":1.2457506656646729,"orthographic":false}