{"cameraMode":{"drawMode":0,"name":"Shaded","section":"Shading Mode"},"sceneLighting":true,"audioPlay":false,"sceneViewState":{"m_AlwaysRefresh":false,"showFog":true,"showSkybox":true,"showFlares":true,"showImageEffects":true,"showParticleSystems":true,"showVisualEffectGraphs":true,"m_FxEnabled":true},"in2DMode":false,"pivot":{"x":0.03774810954928398,"y":2.8309326171875,"z":1.8997766971588135},"rotation":{"x":-0.07421674579381943,"y":0.873854398727417,"z":-0.14120995998382569,"w":-0.45927679538726809},"size":0.013919496908783913,"orthographic":false}