{"cameraMode":{"drawMode":0,"name":"Shaded","section":"Shading Mode"},"sceneLighting":true,"audioPlay":false,"sceneViewState":{"m_AlwaysRefresh":false,"showFog":true,"showSkybox":true,"showFlares":true,"showImageEffects":true,"showParticleSystems":true,"showVisualEffectGraphs":true,"m_FxEnabled":true},"in2DMode":false,"pivot":{"x":0.42540574073791506,"y":2.7106380462646486,"z":6.254481792449951},"rotation":{"x":-0.34597641229629519,"y":0.5652720332145691,"z":-0.28191423416137698,"w":-0.6937695145606995},"size":0.4225907027721405,"orthographic":false}