{"cameraMode":{"drawMode":0,"name":"Shaded","section":"Shading Mode"},"sceneLighting":true,"audioPlay":false,"sceneViewState":{"m_AlwaysRefresh":false,"showFog":true,"showSkybox":true,"showFlares":true,"showImageEffects":true,"showParticleSystems":true,"showVisualEffectGraphs":true,"m_FxEnabled":true},"in2DMode":false,"pivot":{"x":0.025890717282891275,"y":2.074986219406128,"z":0.7056699991226196},"rotation":{"x":0.06030275300145149,"y":-0.6764869689941406,"z":0.055741019546985629,"w":0.7318787574768066},"size":1.066831111907959,"orthographic":false}