{"cameraMode":{"drawMode":0,"name":"Shaded","section":"Shading Mode"},"sceneLighting":true,"audioPlay":false,"sceneViewState":{"m_AlwaysRefresh":false,"showFog":true,"showSkybox":true,"showFlares":true,"showImageEffects":true,"showParticleSystems":true,"showVisualEffectGraphs":true,"m_FxEnabled":true},"in2DMode":false,"pivot":{"x":0.09841388463973999,"y":2.213067054748535,"z":1.5721368789672852},"rotation":{"x":-0.14289166033267976,"y":0.1791713833808899,"z":-0.026312440633773805,"w":-0.9730351567268372},"size":0.36058300733566286,"orthographic":false}