{"cameraMode":{"drawMode":0,"name":"Shaded","section":"Shading Mode"},"sceneLighting":true,"audioPlay":false,"sceneViewState":{"m_AlwaysRefresh":false,"showFog":true,"showSkybox":true,"showFlares":true,"showImageEffects":true,"showParticleSystems":true,"showVisualEffectGraphs":true,"m_FxEnabled":true},"in2DMode":false,"pivot":{"x":-105.18450164794922,"y":-156.46604919433595,"z":-457.7271423339844},"rotation":{"x":-0.013317709788680077,"y":0.9838975071907044,"z":-0.15778400003910066,"w":-0.08313900232315064},"size":263.3398742675781,"orthographic":false}